school_name,school_code,subject,me_num,me_percent,e_num,e_percent,m_num,m_percent,pm_num,pm_percent,nm_num,nm_percent,num_of_students_included,part_rate_percent,avg_scaled_score,sgp,included_in_sgp,ach_pctl,year,grade,student_group
Abby Kelley Foster Charter Public (District) - Abby Kelley Foster Charter Public School,4450105,BIO,          56,62,          14,16,          42,47,          33,37,           1,1,          90,,507.7,,,,2022,HS SCI,ALL
Abington - Abington High,10505,BIO,          50,42,          12,10,          38,32,          54,45,          16,13,         120,,496.7,,,,2022,HS SCI,ALL
Academy Of the Pacific Rim Charter Public (District) - Academy Of the Pacific Rim Charter Public School,4120530,PHY,          15,24,           1,2,          14,22,          32,51,          16,25,          63,,483.2,,,,2022,HS SCI,ALL
Acton-Boxborough - Acton-Boxborough Regional High,6000505,BIO,         341,86,         165,42,         176,45,          48,12,           6,2,         395,,525.4,,,,2022,HS SCI,ALL
Advanced Math and Science Academy Charter (District) - Advanced Math and Science Academy Charter School,4300305,BIO,         105,78,          29,21,          76,56,          28,21,           2,1,         135,,514.5,,,,2022,HS SCI,ALL
Agawam - Agawam High,50505,BIO,          36,49,          20,27,          16,22,          16,22,          21,29,          73,,505.1,,,,2022,HS SCI,ALL
Agawam - Agawam High,50505,PHY,          61,31,           3,2,          58,29,         121,61,          17,9,         199,,492.2,,,,2022,HS SCI,ALL
Amesbury - Amesbury High,70505,BIO,          59,57,          11,11,          48,47,          31,30,          13,13,         103,,502.1,,,,2022,HS SCI,ALL
Amherst-Pelham - Amherst Regional High,6050505,BIO,          44,58,           6,8,          38,50,          24,32,           8,11,          76,,503.0,,,,2022,HS SCI,ALL
Andover - Andover High,90505,BIO,           2,17,           0,0,           2,17,           4,33,           6,50,          12,,489.1,,,,2022,HS SCI,ALL
Andover - Andover High,90505,PHY,         260,65,          83,21,         177,45,         122,31,          15,4,         397,,509.7,,,,2022,HS SCI,ALL
Argosy Collegiate Charter School (District) - Argosy Collegiate Charter School,35090305,BIO,          12,18,           1,1,          11,16,          43,64,          12,18,          67,,485.8,,,,2022,HS SCI,ALL
Arlington - Arlington High,100505,BIO,          11,52,           4,19,           7,33,           7,33,           3,14,          21,,501.0,,,,2022,HS SCI,ALL
Arlington - Arlington High,100505,PHY,         264,74,          83,23,         181,51,          86,24,           5,1,         355,,514.4,,,,2022,HS SCI,ALL
Ashburnham-Westminster - Oakmont Regional High School,6100505,BIO,          20,31,           3,5,          17,27,          36,56,           8,13,          64,,493.2,,,,2022,HS SCI,ALL
Ashland - Ashland High,140505,BIO,         114,59,          19,10,          95,49,          63,33,          15,8,         192,,505.2,,,,2022,HS SCI,ALL
Assabet Valley Regional Vocational Technical - Assabet Valley Vocational High School,8010605,BIO,         113,42,          10,4,         103,38,         137,51,          20,7,         270,,495.2,,,,2022,HS SCI,ALL
Athol-Royalston - Athol High,6150505,BIO,          28,35,           1,1,          27,33,          43,53,          10,12,          81,,492.8,,,,2022,HS SCI,ALL
Athol-Royalston - Athol High,6150505,PHY,          27,53,           3,6,          24,47,          20,39,           4,8,          51,,498.4,,,,2022,HS SCI,ALL
Atlantis Charter (District) - Atlantis Charter School,4910550,PHY,          13,18,           1,1,          12,17,          36,51,          22,31,          71,,481.5,,,,2022,HS SCI,ALL
Attleboro - Attleboro High,160505,PHY,         204,45,          31,7,         173,38,         209,46,          41,9,         454,,497.5,,,,2022,HS SCI,ALL
Auburn - Auburn Senior High,170505,BIO,          73,45,          10,6,          63,39,          79,49,           9,6,         161,,498.4,,,,2022,HS SCI,ALL
Avon - Avon Middle High School,180510,BIO,          28,55,           6,12,          22,43,          19,37,           4,8,          51,,502.1,,,,2022,HS SCI,ALL
Ayer Shirley School District - Ayer Shirley Regional High School,6160505,BIO,          48,47,           9,9,          39,38,          46,45,           9,9,         103,,498.6,,,,2022,HS SCI,ALL
Barnstable - Barnstable High,200505,BIO,          77,30,           8,3,          69,27,         114,45,          64,25,         255,,487.6,,,,2022,HS SCI,ALL
Barnstable - Barnstable High,200505,PHY,           3,21,           0,0,           3,21,           8,57,           3,21,          14,,486.4,,,,2022,HS SCI,ALL
Baystate Academy Charter Public School (District) - Baystate Academy Charter Public School,35020405,BIO,          12,20,           0,0,          12,20,          26,44,          21,36,          59,,481.5,,,,2022,HS SCI,ALL
Bedford - Bedford High,230505,PHY,         156,71,          56,25,         100,45,          59,27,           6,3,         221,,514.6,,,,2022,HS SCI,ALL
Belchertown - Belchertown High,240505,BIO,         109,73,          45,30,          64,43,          36,24,           5,3,         150,,515.6,,,,2022,HS SCI,ALL
Bellingham - Bellingham High School,250505,BIO,          58,41,           1,1,          57,40,          75,52,          10,7,         143,,494.8,,,,2022,HS SCI,ALL
Belmont - Belmont High,260505,PHY,         273,81,         130,39,         143,43,          53,16,           9,3,         335,,521.6,,,,2022,HS SCI,ALL
Berkshire Arts and Technology Charter Public (District) - Berkshire Arts and Technology Charter Public School,4140305,BIO,          14,35,           0,0,          14,35,          19,48,           7,18,          40,,490.1,,,,2022,HS SCI,ALL
Berkshire Hills - Monument Mt Regional High,6180505,BIO,          84,66,          24,19,          60,47,          38,30,           5,4,         127,,507.9,,,,2022,HS SCI,ALL
Berlin-Boylston - Tahanto Regional High,6200505,BIO,          61,81,          16,21,          45,60,          12,16,           2,3,          75,,517.7,,,,2022,HS SCI,ALL
Beverly - Beverly High,300505,BIO,         160,54,          36,12,         124,41,         107,36,          32,11,         299,,501.0,,,,2022,HS SCI,ALL
Billerica - Billerica Memorial High School,310505,BIO,         180,65,          43,16,         137,50,          90,33,           6,2,         276,,508.6,,,,2022,HS SCI,ALL
Blackstone Valley Regional Vocational Technical - Blackstone Valley,8050605,BIO,         119,72,          31,19,          88,53,          43,26,           3,2,         165,,511.4,,,,2022,HS SCI,ALL
Blackstone Valley Regional Vocational Technical - Blackstone Valley,8050605,PHY,          95,81,          17,14,          78,66,          23,19,           0,0,         118,,513.3,,,,2022,HS SCI,ALL
Blackstone-Millville - Blackstone Millville RHS,6220505,BIO,          38,38,           4,4,          34,34,          51,51,          11,11,         100,,493.1,,,,2022,HS SCI,ALL
Blue Hills Regional Vocational Technical - Blue Hills Regional Vocational Technical,8060605,BIO,         103,46,          12,5,          91,40,         111,49,          11,5,         225,,497.3,,,,2022,HS SCI,ALL
Boston - Another Course To College,350541,BIO,           0,0,           0,0,           0,0,           7,70,           3,30,          10,,473.8,,,,2022,HS SCI,ALL
Boston - Another Course To College,350541,PHY,           1,2,           0,0,           1,2,          22,54,          18,44,          41,,474.2,,,,2022,HS SCI,ALL
Boston - Boston Arts Academy,350546,BIO,          25,22,           3,3,          22,19,          76,66,          15,13,         116,,488.0,,,,2022,HS SCI,ALL
Boston - Boston Arts Academy,350546,PHY,          30,27,           1,1,          29,26,          72,64,          11,10,         113,,489.7,,,,2022,HS SCI,ALL
Boston - Boston Community Leadership Academy,350558,BIO,           1,4,           0,0,           1,4,          10,40,          14,56,          25,,470.2,,,,2022,HS SCI,ALL
Boston - Boston Community Leadership Academy,350558,PHY,           5,5,           0,0,           5,5,          53,58,          33,36,          91,,474.8,,,,2022,HS SCI,ALL
Boston - Boston International High School & Newcomers Academy,350507,PHY,           0,0,           0,0,           0,0,          22,40,          33,60,          55,,466.3,,,,2022,HS SCI,ALL
Boston - Boston Latin Academy,350545,PHY,         173,61,           7,2,         166,59,         109,39,           0,0,         282,,503.8,,,,2022,HS SCI,ALL
Boston - Boston Latin School,350560,BIO,         383,91,         157,37,         226,54,          38,9,           1,0,         422,,524.6,,,,2022,HS SCI,ALL
Boston - Brighton High School,350505,BIO,           1,6,           0,0,           1,6,           7,44,           8,50,          16,,470.5,,,,2022,HS SCI,ALL
Boston - Brighton High School,350505,PHY,           8,16,           0,0,           8,16,          25,49,          18,35,          51,,478.9,,,,2022,HS SCI,ALL
Boston - Burke High School,350525,BIO,           5,29,           2,12,           3,18,           6,35,           6,35,          17,,488.1,,,,2022,HS SCI,ALL
Boston - Burke High School,350525,PHY,           9,16,           0,0,           9,16,          29,52,          18,32,          56,,478.6,,,,2022,HS SCI,ALL
Boston - Charlestown High School,350515,PHY,           3,11,           0,0,           3,11,          11,39,          14,50,          28,,471.2,,,,2022,HS SCI,ALL
Boston - Community Academy of Science and Health,350581,BIO,           7,11,           0,0,           7,11,          30,48,          25,40,          62,,478.5,,,,2022,HS SCI,ALL
Boston - Dearborn 6-12 STEM Academy,350074,BIO,           4,5,           0,0,           4,5,          37,50,          33,45,          74,,473.0,,,,2022,HS SCI,ALL
Boston - East Boston High School,350530,BIO,           7,11,           1,2,           6,9,          21,32,          38,58,          66,,470.9,,,,2022,HS SCI,ALL
Boston - East Boston High School,350530,PHY,          34,23,           0,0,          34,23,          97,65,          19,13,         150,,487.1,,,,2022,HS SCI,ALL
Boston - English High School,350535,PHY,          17,20,           1,1,          16,19,          46,53,          23,27,          86,,480.0,,,,2022,HS SCI,ALL
Boston - Excel High School,350522,BIO,           4,9,           0,0,           4,9,          21,48,          19,43,          44,,474.1,,,,2022,HS SCI,ALL
Boston - Excel High School,350522,PHY,           4,5,           0,0,           4,5,          44,59,          27,36,          75,,473.6,,,,2022,HS SCI,ALL
Boston - Fenway High School,350540,PHY,          15,15,           0,0,          15,15,          58,59,          25,26,          98,,481.3,,,,2022,HS SCI,ALL
Boston - Henderson K-12 Inclusion School Upper,350426,BIO,           2,11,           0,0,           2,11,           8,42,           9,47,          19,,479.0,,,,2022,HS SCI,ALL
Boston - Henderson K-12 Inclusion School Upper,350426,PHY,           6,11,           0,0,           6,11,          26,48,          22,41,          54,,477.4,,,,2022,HS SCI,ALL
Boston - Lyon High School,350655,BIO,           2,6,           0,0,           2,6,          13,42,          16,52,          31,,470.4,,,,2022,HS SCI,ALL
Boston - Lyon High School,350655,PHY,           0,0,           0,0,           0,0,          18,86,           3,14,          21,,478.6,,,,2022,HS SCI,ALL
Boston - Madison Park Technical Vocational High School,350537,BIO,           4,9,           0,0,           4,9,          17,38,          24,53,          45,,472.0,,,,2022,HS SCI,ALL
Boston - Madison Park Technical Vocational High School,350537,PHY,          10,4,           0,0,          10,4,         150,57,         101,39,         261,,472.4,,,,2022,HS SCI,ALL
Boston - Margarita Muniz Academy,350549,BIO,           2,3,           0,0,           2,3,          27,44,          33,53,          62,,470.3,,,,2022,HS SCI,ALL
Boston - Margarita Muniz Academy,350549,PHY,           4,6,           0,0,           4,6,          36,52,          29,42,          69,,474.1,,,,2022,HS SCI,ALL
Boston - McKinley Schools,350363,BIO,           2,18,           0,0,           2,18,           4,36,           5,45,          11,,475.6,,,,2022,HS SCI,ALL
Boston - New Mission High School,350542,BIO,          10,9,           1,1,           9,8,          73,63,          33,28,         116,,477.1,,,,2022,HS SCI,ALL
Boston - O'Bryant School of Math & Science,350575,BIO,         183,57,          25,8,         158,49,         129,40,           9,3,         321,,502.9,,,,2022,HS SCI,ALL
Boston - Quincy Upper School,350565,BIO,          15,22,           1,1,          14,21,          34,50,          19,28,          68,,481.7,,,,2022,HS SCI,ALL
Boston - Snowden International High School,350690,PHY,           0,0,           0,0,           0,0,          68,60,          46,40,         114,,472.5,,,,2022,HS SCI,ALL
Boston - TechBoston Academy,350657,BIO,           6,7,           0,0,           6,7,          47,53,          36,40,          89,,474.6,,,,2022,HS SCI,ALL
Boston - TechBoston Academy,350657,PHY,           4,6,           0,0,           4,6,          49,68,          19,26,          72,,477.3,,,,2022,HS SCI,ALL
Boston Collegiate Charter (District) - Boston Collegiate Charter School,4490305,PHY,          27,35,           2,3,          25,32,          43,56,           7,9,          77,,492.9,,,,2022,HS SCI,ALL
Boston Green Academy Horace Mann Charter School (District) - Boston Green Academy Horace Mann Charter School,4110305,BIO,           3,5,           0,0,           3,5,          30,49,          28,46,          61,,473.5,,,,2022,HS SCI,ALL
Boston Preparatory Charter Public (District) - Boston Preparatory Charter Public School,4160305,BIO,          27,24,           3,3,          24,21,          58,52,          27,24,         112,,485.9,,,,2022,HS SCI,ALL
Bourne - Bourne High School,360505,BIO,          20,27,           4,5,          16,22,          46,62,           8,11,          74,,490.0,,,,2022,HS SCI,ALL
Braintree - Braintree High,400505,BIO,         272,66,          73,18,         199,48,         122,30,          19,5,         413,,509.6,,,,2022,HS SCI,ALL
Bridgewater-Raynham - Bridgewater-Raynham Regional,6250505,BIO,         157,45,          22,6,         135,39,         158,45,          34,10,         349,,497.5,,,,2022,HS SCI,ALL
Bristol County Agricultural - Bristol County Agricultural High,9100705,BIO,          64,40,          11,7,          53,33,          92,57,           5,3,         161,,497.5,,,,2022,HS SCI,ALL
Bristol-Plymouth Regional Vocational Technical - Bristol-Plymouth Vocational Technical,8100605,BIO,         135,42,          17,5,         118,37,         157,49,          28,9,         320,,495.7,,,,2022,HS SCI,ALL
Brockton - Brockton High,440505,BIO,         151,25,          17,3,         134,22,         273,45,         182,30,         606,,483.9,,,,2022,HS SCI,ALL
Brockton - Brockton Virtual Learning Academy,440705,BIO,           4,10,           1,2,           3,7,          18,44,          19,46,          41,,472.4,,,,2022,HS SCI,ALL
Brooke Charter School (District) - Brooke Charter School,4280305,BIO,          96,70,          13,9,          83,60,          37,27,           5,4,         138,,508.8,,,,2022,HS SCI,ALL
Brookline - Brookline High,460505,PHY,         397,79,         138,27,         259,52,         101,20,           4,1,         502,,516.6,,,,2022,HS SCI,ALL
Burlington - Burlington High,480505,BIO,         139,63,          46,21,          93,42,          64,29,          19,9,         222,,508.3,,,,2022,HS SCI,ALL
Cambridge - Cambridge Rindge and Latin,490506,BIO,           3,21,           0,0,           3,21,           4,29,           7,50,          14,,481.9,,,,2022,HS SCI,ALL
Cambridge - Cambridge Rindge and Latin,490506,PHY,         232,53,          58,13,         174,40,         164,38,          38,9,         434,,502.3,,,,2022,HS SCI,ALL
Canton - Canton High,500505,BIO,         152,72,          56,27,          96,45,          53,25,           6,3,         211,,513.8,,,,2022,HS SCI,ALL
Cape Cod Regional Vocational Technical - Cape Cod Region Vocational Technical,8150605,BIO,         143,44,          13,4,         130,40,         156,48,          25,8,         324,,496.3,,,,2022,HS SCI,ALL
Carver - Carver Middle/High School,520405,PHY,          26,27,           0,0,          26,27,          59,62,          10,11,          95,,489.5,,,,2022,HS SCI,ALL
Central Berkshire - Wahconah Regional High,6350505,BIO,          58,46,          10,8,          48,38,          60,47,           9,7,         127,,497.9,,,,2022,HS SCI,ALL
Chelmsford - Chelmsford High,560505,BIO,         186,62,          45,15,         141,47,          99,33,          14,5,         299,,507.4,,,,2022,HS SCI,ALL
Chelsea - Chelsea High,570505,BIO,          68,22,           7,2,          61,19,         131,42,         115,37,         314,,480.4,,,,2022,HS SCI,ALL
Chicopee - Chicopee Comprehensive High School,610510,BIO,         144,42,          16,5,         128,37,         165,48,          36,10,         345,,496.0,,,,2022,HS SCI,ALL
Chicopee - Chicopee High,610505,BIO,          46,24,           7,4,          39,20,         101,52,          46,24,         193,,485.0,,,,2022,HS SCI,ALL
City on a Hill Charter Public School (District) - City on a Hill Charter Public School,4370505,BIO,           5,6,           1,1,           4,5,          48,56,          33,38,          86,,475.4,,,,2022,HS SCI,ALL
Clinton - Clinton Senior High,640505,BIO,           4,31,           1,8,           3,23,           6,46,           3,23,          13,,485.2,,,,2022,HS SCI,ALL
Clinton - Clinton Senior High,640505,PHY,          38,37,           1,1,          37,36,          55,53,          10,10,         103,,490.2,,,,2022,HS SCI,ALL
Codman Academy Charter Public (District) - Codman Academy Charter Public School,4380505,BIO,           6,14,           0,0,           6,14,          23,53,          14,33,          43,,478.1,,,,2022,HS SCI,ALL
Cohasset - Cohasset High School,650505,PHY,          82,76,          22,20,          60,56,          26,24,           0,0,         108,,515.2,,,,2022,HS SCI,ALL
Collegiate Charter School of Lowell (District) - Collegiate Charter School of Lowell,35030205,BIO,          24,35,           6,9,          18,26,          33,48,          12,17,          69,,489.6,,,,2022,HS SCI,ALL
Community Charter School of Cambridge (District) - Community Charter School of Cambridge,4360305,PHY,          20,42,           0,0,          20,42,          23,48,           5,10,          48,,494.2,,,,2022,HS SCI,ALL
Concord-Carlisle - Concord Carlisle High,6400505,BIO,         252,78,         104,32,         148,46,          62,19,           9,3,         323,,519.7,,,,2022,HS SCI,ALL
Danvers - Danvers High,710505,BIO,          90,51,          10,6,          80,45,          70,39,          18,10,         178,,498.2,,,,2022,HS SCI,ALL
Dartmouth - Dartmouth High,720505,BIO,         105,44,          13,5,          92,38,         112,47,          22,9,         239,,497.5,,,,2022,HS SCI,ALL
Dedham - Dedham High,730505,BIO,          94,51,          18,10,          76,42,          67,37,          22,12,         183,,500.8,,,,2022,HS SCI,ALL
Dennis-Yarmouth - Dennis-Yarmouth Regional High,6450505,BIO,          49,36,           9,7,          40,29,          67,49,          22,16,         138,,492.6,,,,2022,HS SCI,ALL
Dennis-Yarmouth - Dennis-Yarmouth Regional High,6450505,PHY,          22,30,           5,7,          17,23,          43,59,           8,11,          73,,494.3,,,,2022,HS SCI,ALL
Dighton-Rehoboth - Dighton-Rehoboth Regional High School,6500505,BIO,          94,54,          22,13,          72,42,          61,35,          18,10,         173,,502.1,,,,2022,HS SCI,ALL
Douglas - Douglas High School,770505,BIO,          35,57,           2,3,          33,54,          22,36,           4,7,          61,,501.4,,,,2022,HS SCI,ALL
Dover-Sherborn - Dover-Sherborn Regional High,6550505,BIO,         140,85,          66,40,          74,45,          24,15,           0,0,         164,,522.6,,,,2022,HS SCI,ALL
Dracut - Dracut Senior High,790505,BIO,          58,31,           8,4,          50,27,          99,53,          31,16,         188,,489.9,,,,2022,HS SCI,ALL
Dudley-Charlton Reg - Shepherd Hill Regional High,6580505,BIO,          90,45,          16,8,          74,37,          95,47,          17,8,         202,,497.8,,,,2022,HS SCI,ALL
Duxbury - Duxbury High,820505,BIO,         189,81,          65,28,         124,53,          42,18,           3,1,         234,,518.4,,,,2022,HS SCI,ALL
East Bridgewater - East Bridgewater JR./SR. High School,830505,BIO,          41,36,           7,6,          34,30,          53,46,          21,18,         115,,491.4,,,,2022,HS SCI,ALL
East Longmeadow - East Longmeadow High,870505,BIO,          59,51,          17,15,          42,37,          47,41,           9,8,         115,,503.0,,,,2022,HS SCI,ALL
Easthampton - Easthampton High,860505,BIO,          15,31,           1,2,          14,29,          26,54,           7,15,          48,,490.1,,,,2022,HS SCI,ALL
Easthampton - Easthampton High,860505,PHY,           8,73,           1,9,           7,64,           2,18,           1,9,          11,,510.9,,,,2022,HS SCI,ALL
Easton - Oliver Ames High,880505,PHY,         165,62,          28,11,         137,52,          94,35,           7,3,         266,,506.0,,,,2022,HS SCI,ALL
Edward M. Kennedy Academy for Health Careers: A Horace Mann Charter Public School (District) - Edward M. Kennedy Academy for Health Careers: A Horace Mann Charter Public School,4520505,BIO,          11,12,           0,0,          11,12,          59,64,          22,24,          92,,480.3,,,,2022,HS SCI,ALL
Essex North Shore Agricultural and Technical School District - Essex North Shore Agricultural and Technical School,8170505,BIO,         261,67,          61,16,         200,51,         118,30,          13,3,         392,,508.2,,,,2022,HS SCI,ALL
Everett - Everett High,930505,BIO,          73,16,           9,2,          64,14,         230,51,         146,33,         449,,479.6,,,,2022,HS SCI,ALL
Everett - Everett High,930505,PHY,          18,58,           1,3,          17,55,          13,42,           0,0,          31,,502.1,,,,2022,HS SCI,ALL
Excel Academy Charter (District) - Excel Academy Charter School,4100205,BIO,          66,37,          13,7,          53,30,          89,50,          23,13,         178,,494.8,,,,2022,HS SCI,ALL
Fairhaven - Fairhaven High,940505,BIO,          62,41,          10,7,          52,34,          70,46,          20,13,         152,,494.7,,,,2022,HS SCI,ALL
Fall River - B M C Durfee High,950505,BIO,         121,23,          17,3,         104,19,         254,47,         160,30,         535,,483.3,,,,2022,HS SCI,ALL
Fall River - B M C Durfee High,950505,PHY,           0,0,           0,0,           0,0,           3,17,          15,83,          18,,460.2,,,,2022,HS SCI,ALL
Falmouth - Falmouth High,960505,BIO,          86,48,          25,14,          61,34,          82,45,          13,7,         181,,501.0,,,,2022,HS SCI,ALL
Fitchburg - Fitchburg High,970505,BIO,          37,14,           4,2,          33,13,         120,46,         106,40,         263,,477.2,,,,2022,HS SCI,ALL
Four Rivers Charter Public (District) - Four Rivers Charter Public School,4130505,BIO,          22,79,           6,21,          16,57,           6,21,           0,0,          28,,512.8,,,,2022,HS SCI,ALL
Foxborough - Foxborough High,990505,BIO,         119,66,          38,21,          81,45,          53,30,           7,4,         179,,510.2,,,,2022,HS SCI,ALL
Foxborough Regional Charter (District) - Foxborough Regional Charter School,4460550,BIO,          36,34,           4,4,          32,30,          55,52,          15,14,         106,,490.5,,,,2022,HS SCI,ALL
Framingham - Framingham High School,1000515,BIO,         233,42,          52,9,         181,33,         202,36,         120,22,         555,,495.0,,,,2022,HS SCI,ALL
Franklin - Franklin High,1010505,BIO,         310,81,          89,23,         221,58,          65,17,           8,2,         383,,516.4,,,,2022,HS SCI,ALL
Franklin County Regional Vocational Technical - Franklin County Technical,8180605,BIO,          32,36,           3,3,          29,33,          44,50,          12,14,          88,,492.9,,,,2022,HS SCI,ALL
Franklin County Regional Vocational Technical - Franklin County Technical,8180605,PHY,          21,34,           0,0,          21,34,          39,63,           2,3,          62,,494.7,,,,2022,HS SCI,ALL
Freetown-Lakeville - Apponequet Regional High,6650505,BIO,          90,52,          24,14,          66,38,          65,38,          17,10,         172,,503.8,,,,2022,HS SCI,ALL
Frontier - Frontier Regional,6700505,BIO,          47,52,           4,4,          43,48,          30,33,          13,14,          90,,497.5,,,,2022,HS SCI,ALL
Gardner - Gardner High,1030505,BIO,          30,21,           2,1,          28,19,          79,54,          36,25,         145,,483.5,,,,2022,HS SCI,ALL
Gateway - Gateway Regional High,6720505,BIO,          10,83,           3,25,           7,58,           2,17,           0,0,          12,,515.4,,,,2022,HS SCI,ALL
Georgetown - Georgetown High School,1050505,BIO,          34,57,           8,13,          26,43,          19,32,           7,12,          60,,502.5,,,,2022,HS SCI,ALL
Gill-Montague - Turners Fall High,6740505,BIO,          12,39,           3,10,           9,29,          18,58,           1,3,          31,,498.3,,,,2022,HS SCI,ALL
Global Learning Charter Public (District) - Global Learning Charter Public School,4960305,BIO,          11,26,           0,0,          11,26,          25,60,           6,14,          42,,487.9,,,,2022,HS SCI,ALL
Gloucester - Gloucester High,1070505,BIO,          51,31,          11,7,          40,24,          80,49,          33,20,         164,,489.9,,,,2022,HS SCI,ALL
Grafton - Grafton High School,1100505,BIO,         134,60,          26,12,         108,48,          78,35,          13,6,         225,,504.8,,,,2022,HS SCI,ALL
Granby - Granby Jr Sr High School,1110505,BIO,          14,47,           2,7,          12,40,          15,50,           1,3,          30,,498.8,,,,2022,HS SCI,ALL
Granby - Granby Jr Sr High School,1110505,PHY,           0,0,           0,0,           0,0,          14,93,           1,7,          15,,481.7,,,,2022,HS SCI,ALL
Greater Commonwealth Virtual District - Greater Commonwealth Virtual School,39010900,BIO,          21,24,           0,0,          21,24,          45,52,          20,23,          86,,483.5,,,,2022,HS SCI,ALL
Greater Fall River Regional Vocational Technical - Diman Regional Vocational Technical High,8210605,BIO,         120,45,          21,8,          99,37,         122,46,          24,9,         266,,498.5,,,,2022,HS SCI,ALL
Greater Fall River Regional Vocational Technical - Diman Regional Vocational Technical High,8210605,PHY,          37,55,           2,3,          35,52,          27,40,           3,4,          67,,499.8,,,,2022,HS SCI,ALL
Greater Lawrence Regional Vocational Technical - Gr Lawrence Regional Vocational Technical,8230605,BIO,         183,38,           9,2,         174,36,         265,55,          38,8,         486,,494.2,,,,2022,HS SCI,ALL
Greater Lowell Regional Vocational Technical - Gr Lowell Regional Vocational Technical,8280605,BIO,         216,34,          26,4,         190,30,         335,53,          78,12,         629,,492.9,,,,2022,HS SCI,ALL
Greater New Bedford Regional Vocational Technical - Gr New Bedford Vocational Technical,8250605,BIO,         264,50,          46,9,         218,41,         227,43,          37,7,         528,,499.8,,,,2022,HS SCI,ALL
Greenfield - Greenfield High,1140505,BIO,           4,25,           1,6,           3,19,           6,38,           6,38,          16,,486.5,,,,2022,HS SCI,ALL
Greenfield - Greenfield High,1140505,PHY,          15,16,           1,1,          14,15,          49,54,          27,30,          91,,479.9,,,,2022,HS SCI,ALL
Groton-Dunstable - Groton Dunstable Regional,6730505,BIO,          94,75,          35,28,          59,47,          25,20,           6,5,         125,,517.7,,,,2022,HS SCI,ALL
Hadley - Hopkins Academy,1170505,BIO,          26,62,           8,19,          18,43,          13,31,           3,7,          42,,507.2,,,,2022,HS SCI,ALL
Hadley - Hopkins Academy,1170505,PHY,          30,67,           5,11,          25,56,          14,31,           1,2,          45,,505.1,,,,2022,HS SCI,ALL
Hamilton-Wenham - Hamilton-Wenham Regional High,6750505,BIO,          88,78,          24,21,          64,57,          23,20,           2,2,         113,,516.7,,,,2022,HS SCI,ALL
Hampden Charter School of Science East (District) - Hampden Charter School of Science East,4990305,BIO,          20,51,           4,10,          16,41,          14,36,           5,13,          39,,503.9,,,,2022,HS SCI,ALL
Hampden Charter School of Science West (District) - Hampden Charter School of Science West,35160305,BIO,          10,25,           1,3,           9,23,          24,60,           6,15,          40,,485.5,,,,2022,HS SCI,ALL
Hampden-Wilbraham - Minnechaug Regional High,6800505,BIO,          55,49,          11,10,          44,39,          52,46,           6,5,         113,,500.6,,,,2022,HS SCI,ALL
Hampshire - Hampshire Regional High,6830505,BIO,          41,42,           2,2,          39,40,          49,50,           8,8,          98,,494.7,,,,2022,HS SCI,ALL
Hanover - Hanover High,1220505,BIO,         102,59,          28,16,          74,43,          64,37,           7,4,         173,,505.4,,,,2022,HS SCI,ALL
Harvard - Bromfield,1250505,BIO,          69,81,          32,38,          37,44,          14,16,           2,2,          85,,522.9,,,,2022,HS SCI,ALL
Hatfield - Smith Academy,1270505,BIO,           9,60,           1,7,           8,53,           6,40,           0,0,          15,,500.2,,,,2022,HS SCI,ALL
Haverhill - Haverhill High,1280505,BIO,         144,29,          19,4,         125,26,         225,46,         121,25,         490,,487.5,,,,2022,HS SCI,ALL
Hingham - Hingham High,1310505,BIO,         205,79,          81,31,         124,48,          53,20,           3,1,         261,,519.5,,,,2022,HS SCI,ALL
Holbrook - Holbrook Middle High School,1330505,PHY,          23,33,           2,3,          21,30,          38,55,           8,12,          69,,492.2,,,,2022,HS SCI,ALL
Holliston - Holliston High,1360505,BIO,          71,68,          17,16,          54,52,          25,24,           8,8,         104,,512.2,,,,2022,HS SCI,ALL
Holliston - Holliston High,1360505,PHY,           5,25,           0,0,           5,25,          12,60,           3,15,          20,,486.4,,,,2022,HS SCI,ALL
Holyoke - Holyoke High,1370505,BIO,          44,14,           4,1,          40,13,         157,51,         106,35,         307,,478.9,,,,2022,HS SCI,ALL
Hoosac Valley Regional - Hoosac Valley High School,6030505,BIO,          14,33,           3,7,          11,26,          21,50,           7,17,          42,,491.4,,,,2022,HS SCI,ALL
Hopedale - Hopedale Jr Sr High,1380505,BIO,          21,81,           6,23,          15,58,           5,19,           0,0,          26,,515.1,,,,2022,HS SCI,ALL
Hopkinton - Hopkinton High,1390505,BIO,         212,82,          72,28,         140,54,          42,16,           6,2,         260,,518.1,,,,2022,HS SCI,ALL
Hudson - Hudson High,1410505,BIO,          60,38,          12,8,          48,31,          75,48,          22,14,         157,,493.8,,,,2022,HS SCI,ALL
Hull - Hull High,1420505,PHY,          31,50,           5,8,          26,42,          24,39,           7,11,          62,,499.4,,,,2022,HS SCI,ALL
Innovation Academy Charter (District) - Innovation Academy Charter School,4350305,BIO,          48,56,          18,21,          30,35,          33,39,           4,5,          85,,506.4,,,,2022,HS SCI,ALL
Ipswich - Ipswich High,1440505,BIO,          83,65,          26,20,          57,45,          33,26,          11,9,         127,,509.4,,,,2022,HS SCI,ALL
KIPP Academy Lynn Charter (District) - KIPP Academy Lynn Charter School,4290010,PHY,          24,19,           0,0,          24,19,          84,65,          21,16,         129,,484.5,,,,2022,HS SCI,ALL
King Philip - King Philip Regional High,6900505,BIO,         183,66,          34,12,         149,54,          80,29,          14,5,         277,,506.2,,,,2022,HS SCI,ALL
Lawrence - Lawrence High School,1490515,BIO,          56,9,           3,0,          53,8,         268,42,         315,49,         639,,472.0,,,,2022,HS SCI,ALL
Lawrence - Lawrence High School,1490515,PHY,          45,74,           6,10,          39,64,          16,26,           0,0,          61,,509.3,,,,2022,HS SCI,ALL
Lee - Lee Middle/High School,1500505,BIO,          20,35,           3,5,          17,30,          27,47,          10,18,          57,,489.3,,,,2022,HS SCI,ALL
Leicester - Leicester High,1510505,BIO,          39,46,           6,7,          33,39,          39,46,           6,7,          84,,499.0,,,,2022,HS SCI,ALL
Lenox - Lenox Memorial High,1520505,BIO,          23,49,           3,6,          20,43,          21,45,           3,6,          47,,498.6,,,,2022,HS SCI,ALL
Lenox - Lenox Memorial High,1520505,PHY,          11,100,           5,45,           6,55,           0,0,           0,0,          11,,524.8,,,,2022,HS SCI,ALL
Leominster - Center For Technical Education Innovation,1530605,BIO,          72,33,          11,5,          61,28,         114,52,          32,15,         218,,492.6,,,,2022,HS SCI,ALL
Leominster - Leominster High School,1530505,BIO,          90,45,          11,5,          79,39,          77,38,          34,17,         201,,494.9,,,,2022,HS SCI,ALL
Lexington - Lexington High,1550505,BIO,         445,85,         231,44,         214,41,          65,12,          12,2,         522,,525.3,,,,2022,HS SCI,ALL
Libertas Academy Charter School (District) - Libertas Academy Charter School,35140305,BIO,          16,23,           1,1,          15,21,          38,54,          17,24,          71,,483.3,,,,2022,HS SCI,ALL
Lincoln-Sudbury - Lincoln-Sudbury Regional High,6950505,BIO,         263,74,          70,20,         193,54,          81,23,          13,4,         357,,512.5,,,,2022,HS SCI,ALL
Littleton - Littleton High School,1580505,BIO,          88,75,          40,34,          48,41,          24,21,           5,4,         117,,519.3,,,,2022,HS SCI,ALL
Longmeadow - Longmeadow High,1590505,BIO,         163,71,          57,25,         106,46,          57,25,          11,5,         231,,514.0,,,,2022,HS SCI,ALL
Lowell - Lowell High,1600505,BIO,         198,34,          46,8,         152,26,         235,40,         151,26,         584,,489.1,,,,2022,HS SCI,ALL
Ludlow - Ludlow Senior High,1610505,BIO,          76,38,          14,7,          62,31,         105,53,          18,9,         199,,494.8,,,,2022,HS SCI,ALL
Lunenburg - Lunenburg High,1620505,BIO,          61,68,           5,6,          56,62,          26,29,           3,3,          90,,506.5,,,,2022,HS SCI,ALL
Lynn - Classical High,1630505,BIO,          68,19,          10,3,          58,16,         197,56,          88,25,         353,,483.2,,,,2022,HS SCI,ALL
Lynn - Fecteau-Leary Junior/Senior High School,1630525,BIO,           1,8,           0,0,           1,8,           6,50,           5,42,          12,,476.3,,,,2022,HS SCI,ALL
Lynn - Lynn English High,1630510,BIO,          73,18,          12,3,          61,15,         191,46,         151,36,         415,,479.0,,,,2022,HS SCI,ALL
Lynn - Lynn Vocational Technical Institute,1630605,BIO,          92,33,          10,4,          82,30,         138,50,          45,16,         275,,490.1,,,,2022,HS SCI,ALL
Lynnfield - Lynnfield High,1640505,BIO,          91,66,          27,20,          64,46,          46,33,           1,1,         138,,510.3,,,,2022,HS SCI,ALL
Malden - Malden High,1650505,BIO,         150,41,          33,9,         117,32,         152,41,          65,18,         367,,494.2,,,,2022,HS SCI,ALL
Manchester Essex Regional - Manchester Essex Regional High School,6980510,BIO,          73,66,          24,22,          49,44,          32,29,           6,5,         111,,509.7,,,,2022,HS SCI,ALL
Mansfield - Mansfield High,1670505,BIO,         141,60,          45,19,          96,41,          77,33,          16,7,         234,,506.4,,,,2022,HS SCI,ALL
Map Academy Charter School (District) - Map Academy Charter School,35170505,BIO,           4,15,           0,0,           4,15,          17,65,           5,19,          26,,483.4,,,,2022,HS SCI,ALL
Marblehead - Marblehead High,1680505,BIO,         172,75,          54,24,         118,52,          50,22,           6,3,         228,,516.1,,,,2022,HS SCI,ALL
Marlborough - Marlborough High,1700505,BIO,          40,23,          12,7,          28,16,          86,50,          47,27,         173,,485.2,,,,2022,HS SCI,ALL
Marlborough - Marlborough High,1700505,PHY,          53,28,          10,5,          43,23,         100,53,          34,18,         187,,488.4,,,,2022,HS SCI,ALL
Marshfield - Marshfield High,1710505,BIO,         203,63,          37,11,         166,51,         110,34,          10,3,         323,,505.4,,,,2022,HS SCI,ALL
Martha's Vineyard - Martha's Vineyard Regional High,7000505,BIO,          79,48,          10,6,          69,42,          69,42,          16,10,         164,,497.0,,,,2022,HS SCI,ALL
Masconomet - Masconomet Regional High School,7050505,BIO,          87,96,          33,36,          54,59,           3,3,           1,1,          91,,523.9,,,,2022,HS SCI,ALL
Masconomet - Masconomet Regional High School,7050505,PHY,          73,58,           7,6,          66,53,          48,38,           4,3,         125,,503.1,,,,2022,HS SCI,ALL
Mashpee - Mashpee Middle-High School,1720505,BIO,          48,58,          10,12,          38,46,          26,31,           9,11,          83,,501.1,,,,2022,HS SCI,ALL
Match Charter Public School (District) - Match Charter Public School,4690505,PHY,          25,34,           2,3,          23,32,          36,49,          12,16,          73,,490.0,,,,2022,HS SCI,ALL
Maynard - Maynard High,1740505,PHY,          39,53,           7,9,          32,43,          31,42,           4,5,          74,,500.9,,,,2022,HS SCI,ALL
Medfield - Medfield Senior High,1750505,BIO,         152,87,          67,39,          85,49,          21,12,           1,1,         174,,524.6,,,,2022,HS SCI,ALL
Medford - Medford High,1760505,BIO,         115,44,          22,8,          93,36,         112,43,          33,13,         260,,495.8,,,,2022,HS SCI,ALL
Medway - Medway High,1770505,BIO,         105,67,          32,21,          73,47,          46,29,           5,3,         156,,510.9,,,,2022,HS SCI,ALL
Melrose - Melrose High,1780505,BIO,         139,63,          34,16,         105,48,          69,32,          11,5,         219,,506.7,,,,2022,HS SCI,ALL
Mendon-Upton - Nipmuc Regional High,7100510,BIO,         109,66,          32,20,          77,47,          46,28,           9,5,         164,,510.1,,,,2022,HS SCI,ALL
Methuen - Methuen High,1810505,BIO,         161,37,          39,9,         122,28,         192,44,          81,19,         434,,492.9,,,,2022,HS SCI,ALL
Middleborough - Middleborough High,1820505,BIO,          54,40,           8,6,          46,34,          63,47,          18,13,         135,,493.8,,,,2022,HS SCI,ALL
Milford - Milford High,1850505,BIO,         100,36,          21,8,          79,29,         122,44,          53,19,         275,,491.9,,,,2022,HS SCI,ALL
Millbury - Millbury Junior/Senior High,1860505,BIO,          38,31,           7,6,          31,25,          62,50,          24,19,         124,,490.3,,,,2022,HS SCI,ALL
Millis - Millis High School,1870505,BIO,          48,56,          12,14,          36,42,          32,38,           5,6,          85,,504.6,,,,2022,HS SCI,ALL
Milton - Milton High,1890505,BIO,         195,78,          74,29,         121,48,          43,17,          13,5,         251,,517.4,,,,2022,HS SCI,ALL
Minuteman Regional Vocational Technical - Minuteman Regional High,8300605,BIO,          84,52,          13,8,          71,44,          69,43,           8,5,         161,,501.7,,,,2022,HS SCI,ALL
Mohawk Trail - Mohawk Trail Regional School,7170505,BIO,          10,43,           1,4,           9,39,          12,52,           1,4,          23,,497.4,,,,2022,HS SCI,ALL
Monomoy Regional School District - Monomoy Regional High School,7120515,PHY,          93,65,           6,4,          87,61,          46,32,           3,2,         142,,504.8,,,,2022,HS SCI,ALL
Montachusett Regional Vocational Technical - Montachusett Regional Vocational Technical,8320605,BIO,         216,63,          35,10,         181,53,         111,32,          17,5,         344,,505.8,,,,2022,HS SCI,ALL
Mount Greylock - Mt Greylock Regional High,7150505,PHY,          40,56,          11,15,          29,40,          31,43,           1,1,          72,,507.5,,,,2022,HS SCI,ALL
Mystic Valley Regional Charter (District) - Mystic Valley Regional Charter School,4700105,BIO,          61,73,          20,24,          41,49,          20,24,           2,2,          83,,514.6,,,,2022,HS SCI,ALL
Nantucket - Nantucket High,1970505,BIO,          68,53,          19,15,          49,38,          46,36,          14,11,         128,,502.0,,,,2022,HS SCI,ALL
Narragansett - Narragansett Regional High,7200505,BIO,          38,44,           3,3,          35,40,          39,45,          10,11,          87,,494.8,,,,2022,HS SCI,ALL
Nashoba - Nashoba Regional,7250505,BIO,         153,72,          49,23,         104,49,          54,25,           5,2,         212,,514.3,,,,2022,HS SCI,ALL
Nashoba Valley Regional Vocational Technical - Nashoba Valley Technical High School,8520605,BIO,          65,42,          10,6,          55,35,          69,45,          21,14,         155,,495.7,,,,2022,HS SCI,ALL
Nashoba Valley Regional Vocational Technical - Nashoba Valley Technical High School,8520605,PHY,          25,51,           5,10,          20,41,          19,39,           5,10,          49,,498.6,,,,2022,HS SCI,ALL
Natick - Natick High,1980505,PHY,         291,75,         112,29,         179,46,          93,24,           5,1,         389,,516.8,,,,2022,HS SCI,ALL
Nauset - Nauset Regional High,6600505,PHY,         114,56,          14,7,         100,49,          88,43,           3,1,         205,,502.3,,,,2022,HS SCI,ALL
Needham - Needham High,1990505,BIO,         272,65,          57,14,         215,52,         134,32,          10,2,         416,,508.2,,,,2022,HS SCI,ALL
Neighborhood House Charter (District) - Neighborhood House Charter School,4440205,BIO,          27,36,           0,0,          27,36,          38,50,          11,14,          76,,491.6,,,,2022,HS SCI,ALL
New Bedford - New Bedford High,2010505,BIO,          74,13,           8,1,          66,11,         234,41,         268,47,         576,,474.7,,,,2022,HS SCI,ALL
New Heights Charter School of Brockton (District) - New Heights Charter School of Brockton,35130305,BIO,          19,15,           0,0,          19,15,          75,58,          36,28,         130,,479.3,,,,2022,HS SCI,ALL
Newburyport - Newburyport High,2040505,BIO,         136,72,          33,17,         103,54,          51,27,           2,1,         189,,511.3,,,,2022,HS SCI,ALL
Newton - Newton North High,2070505,PHY,         376,76,         119,24,         257,52,         103,21,          18,4,         497,,515.6,,,,2022,HS SCI,ALL
Newton - Newton South High,2070510,PHY,         341,80,         135,32,         206,48,          77,18,           9,2,         427,,519.4,,,,2022,HS SCI,ALL
Norfolk County Agricultural - Norfolk County Agricultural,9150705,BIO,          76,51,           7,5,          69,46,          68,46,           5,3,         149,,499.5,,,,2022,HS SCI,ALL
North Adams - Drury High,2090505,BIO,          12,14,           1,1,          11,13,          37,42,          39,44,          88,,475.1,,,,2022,HS SCI,ALL
North Andover - North Andover High,2110505,BIO,         204,63,          55,17,         149,46,         106,33,          15,5,         325,,508.5,,,,2022,HS SCI,ALL
North Attleborough - North Attleboro High,2120505,BIO,         177,56,          44,14,         133,42,         112,35,          29,9,         318,,503.7,,,,2022,HS SCI,ALL
North Brookfield - North Brookfield High,2150505,BIO,           5,24,           0,0,           5,24,           8,38,           8,38,          21,,481.2,,,,2022,HS SCI,ALL
North Middlesex - North Middlesex Regional,7350505,BIO,         122,53,          27,12,          95,41,          90,39,          17,7,         229,,501.7,,,,2022,HS SCI,ALL
North Reading - North Reading High,2170505,BIO,         129,77,          49,29,          80,48,          36,21,           3,2,         168,,517.8,,,,2022,HS SCI,ALL
Northampton - Northampton High,2100505,BIO,         111,71,          44,28,          67,43,          34,22,          12,8,         157,,513.5,,,,2022,HS SCI,ALL
Northampton-Smith Vocational Agricultural - Smith Vocational and Agricultural High,4060705,BIO,          18,31,           1,2,          17,29,          34,58,           7,12,          59,,491.9,,,,2022,HS SCI,ALL
Northampton-Smith Vocational Agricultural - Smith Vocational and Agricultural High,4060705,PHY,          28,37,           1,1,          27,36,          40,53,           8,11,          76,,492.9,,,,2022,HS SCI,ALL
Northboro-Southboro - Algonquin Regional High,7300505,BIO,         257,86,         112,38,         145,49,          32,11,           9,3,         298,,523.0,,,,2022,HS SCI,ALL
Northbridge - Northbridge High,2140505,BIO,          35,35,           4,4,          31,31,          52,51,          14,14,         101,,493.1,,,,2022,HS SCI,ALL
Northeast Metropolitan Regional Vocational Technical - Northeast Metro Regional Vocational,8530605,BIO,          42,26,           5,3,          37,23,          97,60,          23,14,         162,,489.5,,,,2022,HS SCI,ALL
Northeast Metropolitan Regional Vocational Technical - Northeast Metro Regional Vocational,8530605,PHY,          61,33,           2,1,          59,32,         103,56,          21,11,         185,,492.2,,,,2022,HS SCI,ALL
Northern Berkshire Regional Vocational Technical - Charles McCann Vocational Technical,8510605,BIO,          57,47,           6,5,          51,42,          57,47,           7,6,         121,,498.4,,,,2022,HS SCI,ALL
Norton - Norton High,2180505,BIO,          53,57,          20,22,          33,35,          31,33,           9,10,          93,,504.6,,,,2022,HS SCI,ALL
Norton - Norton High,2180505,PHY,          27,42,           1,2,          26,40,          31,48,           7,11,          65,,495.9,,,,2022,HS SCI,ALL
Norwell - Norwell High,2190505,BIO,          92,61,          22,15,          70,46,          58,38,           1,1,         151,,509.1,,,,2022,HS SCI,ALL
Norwood - Norwood High,2200505,BIO,          90,41,          21,10,          69,32,         102,47,          26,12,         218,,496.9,,,,2022,HS SCI,ALL
Old Colony Regional Vocational Technical - Old Colony Regional Vocational Technical,8550605,BIO,          48,36,           4,3,          44,33,          75,56,          12,9,         135,,493.5,,,,2022,HS SCI,ALL
Old Rochester - Old Rochester Regional High,7400505,BIO,          66,46,          15,10,          51,35,          72,50,           6,4,         144,,500.0,,,,2022,HS SCI,ALL
Oxford - Oxford High,2260505,BIO,          13,33,           2,5,          11,28,          18,46,           8,21,          39,,490.5,,,,2022,HS SCI,ALL
Oxford - Oxford High,2260505,PHY,           3,4,           0,0,           3,4,          41,49,          40,48,          84,,470.2,,,,2022,HS SCI,ALL
Palmer - Palmer High,2270505,BIO,          15,39,           3,8,          12,32,          18,47,           5,13,          38,,495.4,,,,2022,HS SCI,ALL
Pathfinder Regional Vocational Technical - Pathfinder Vocational Technical,8600605,BIO,          41,26,           1,1,          40,26,          82,53,          33,21,         156,,486.6,,,,2022,HS SCI,ALL
Paulo Freire Social Justice Charter School (District) - Paulo Freire Social Justice Charter School,35010505,PHY,           3,8,           0,0,           3,8,          16,40,          21,53,          40,,472.5,,,,2022,HS SCI,ALL
Peabody - Peabody Veterans Memorial High,2290510,BIO,          86,27,          12,4,          74,23,         169,52,          67,21,         322,,487.2,,,,2022,HS SCI,ALL
Pembroke - Pembroke High School,2310505,BIO,         101,54,          28,15,          73,39,          75,40,          11,6,         187,,504.5,,,,2022,HS SCI,ALL
Pentucket - Pentucket Regional Sr High,7450505,BIO,          85,58,          16,11,          69,47,          58,39,           4,3,         147,,504.7,,,,2022,HS SCI,ALL
"Phoenix Academy Charter Public High School, Chelsea (District) - Phoenix Academy Charter Public High School, Chelsea",4930505,BIO,           1,10,           0,0,           1,10,           6,60,           3,30,          10,,481.1,,,,2022,HS SCI,ALL
"Phoenix Academy Public Charter High School, Lawrence (District) - Phoenix Academy Public Charter High School, Lawrence",35180505,BIO,           0,0,           0,0,           0,0,           9,60,           6,40,          15,,470.4,,,,2022,HS SCI,ALL
Pioneer Charter School of Science (District) - Pioneer Charter School of Science,4940205,BIO,          50,83,          14,23,          36,60,          10,17,           0,0,          60,,516.1,,,,2022,HS SCI,ALL
Pioneer Charter School of Science II (District) - Pioneer Charter School of Science II,35060505,BIO,          33,53,          11,18,          22,35,          24,39,           5,8,          62,,503.4,,,,2022,HS SCI,ALL
Pioneer Valley - Pioneer Valley Regional,7500505,BIO,           9,28,           0,0,           9,28,          20,63,           3,9,          32,,488.1,,,,2022,HS SCI,ALL
Pioneer Valley Chinese Immersion Charter (District) - Pioneer Valley Chinese Immersion Charter School,4970205,BIO,          27,68,          12,30,          15,38,          11,28,           2,5,          40,,514.1,,,,2022,HS SCI,ALL
Pioneer Valley Performing Arts Charter Public (District) - Pioneer Valley Performing Arts Charter Public School,4790505,BIO,          32,52,           6,10,          26,43,          24,39,           5,8,          61,,499.8,,,,2022,HS SCI,ALL
Pittsfield - Pittsfield High,2360505,BIO,          16,17,           1,1,          15,16,          52,57,          24,26,          92,,480.9,,,,2022,HS SCI,ALL
Pittsfield - Pittsfield High,2360505,PHY,          20,43,           3,7,          17,37,          20,43,           6,13,          46,,496.5,,,,2022,HS SCI,ALL
Pittsfield - Pittsfield Public Virtual Academy,2360705,BIO,           1,8,           0,0,           1,8,           4,31,           8,62,          13,,469.4,,,,2022,HS SCI,ALL
Pittsfield - Taconic High,2360510,BIO,          37,18,           4,2,          33,16,         108,52,          63,30,         208,,480.1,,,,2022,HS SCI,ALL
Plymouth - Plymouth North High,2390505,BIO,          95,28,           4,1,          91,27,         197,57,          51,15,         343,,488.0,,,,2022,HS SCI,ALL
Plymouth - Plymouth South High,2390515,BIO,          40,16,           1,0,          39,15,         180,71,          33,13,         253,,485.3,,,,2022,HS SCI,ALL
Prospect Hill Academy Charter (District) - Prospect Hill Academy Charter School,4870550,BIO,          31,39,           1,1,          30,38,          39,49,           9,11,          79,,492.7,,,,2022,HS SCI,ALL
Quabbin - Quabbin Regional High School,7530505,BIO,          61,45,           3,2,          58,43,          54,40,          20,15,         135,,494.5,,,,2022,HS SCI,ALL
Quincy - North Quincy High,2430510,BIO,         219,56,          61,16,         158,41,         137,35,          33,8,         389,,504.7,,,,2022,HS SCI,ALL
Quincy - Quincy High,2430505,BIO,         140,46,          34,11,         106,35,         124,41,          39,13,         303,,497.5,,,,2022,HS SCI,ALL
Ralph C Mahar - Ralph C Mahar Regional,7550505,PHY,          15,20,           1,1,          14,18,          49,64,          12,16,          76,,484.8,,,,2022,HS SCI,ALL
Randolph - Randolph High,2440505,BIO,          18,22,           4,5,          14,17,          34,42,          29,36,          81,,482.9,,,,2022,HS SCI,ALL
Randolph - Randolph High,2440505,PHY,          12,29,           0,0,          12,29,          18,44,          11,27,          41,,484.7,,,,2022,HS SCI,ALL
Reading - Reading Memorial High,2460505,BIO,         137,55,          41,16,          96,39,          93,37,          19,8,         249,,505.7,,,,2022,HS SCI,ALL
Revere - Revere High,2480505,BIO,         179,36,          30,6,         149,30,         215,44,         100,20,         494,,491.3,,,,2022,HS SCI,ALL
Rising Tide Charter Public (District) - Rising Tide Charter Public School,4830305,PHY,          24,35,           3,4,          21,31,          38,56,           6,9,          68,,494.5,,,,2022,HS SCI,ALL
Rockland - Rockland Senior High,2510505,BIO,          69,54,          11,9,          58,46,          47,37,          11,9,         127,,500.7,,,,2022,HS SCI,ALL
Rockport - Rockport High,2520510,BIO,          18,40,           3,7,          15,33,          21,47,           6,13,          45,,494.2,,,,2022,HS SCI,ALL
Roxbury Preparatory Charter (District) - Roxbury Preparatory Charter School,4840505,BIO,          20,10,           0,0,          20,10,         103,53,          73,37,         196,,476.6,,,,2022,HS SCI,ALL
Salem - Salem High,2580505,BIO,          43,25,           7,4,          36,21,          88,50,          44,25,         175,,484.9,,,,2022,HS SCI,ALL
Salem Academy Charter (District) - Salem Academy Charter School,4850485,BIO,          45,61,           9,12,          36,49,          24,32,           5,7,          74,,504.1,,,,2022,HS SCI,ALL
Sandwich - Sandwich Middle High School,2610505,BIO,          26,51,           6,12,          20,39,          24,47,           1,2,          51,,504.0,,,,2022,HS SCI,ALL
Saugus - Saugus High,2620505,BIO,          66,42,          15,9,          51,32,          65,41,          28,18,         159,,495.3,,,,2022,HS SCI,ALL
Scituate - Scituate High School,2640505,BIO,         120,62,          27,14,          93,48,          68,35,           6,3,         194,,507.2,,,,2022,HS SCI,ALL
Seekonk - Seekonk High,2650505,BIO,          88,71,          16,13,          72,58,          26,21,          10,8,         124,,507.1,,,,2022,HS SCI,ALL
Sharon - Sharon High,2660505,PHY,         210,82,          97,38,         113,44,          39,15,           6,2,         255,,519.8,,,,2022,HS SCI,ALL
Shawsheen Valley Regional Vocational Technical - Shawsheen Valley Vocational Technical High School,8710605,BIO,         183,55,          35,11,         148,45,         129,39,          18,5,         330,,502.9,,,,2022,HS SCI,ALL
Shrewsbury - Shrewsbury High School,2710505,BIO,         166,90,          87,47,          79,43,          10,5,           9,5,         185,,527.8,,,,2022,HS SCI,ALL
Shrewsbury - Shrewsbury High School,2710505,PHY,         147,56,          12,5,         135,51,         103,39,          13,5,         263,,501.6,,,,2022,HS SCI,ALL
Silver Lake - Silver Lake Regional High,7600505,BIO,           4,36,           0,0,           4,36,           5,45,           2,18,          11,,490.2,,,,2022,HS SCI,ALL
Silver Lake - Silver Lake Regional High,7600505,PHY,         121,46,          18,7,         103,39,         122,47,          18,7,         261,,498.7,,,,2022,HS SCI,ALL
Sizer School: A North Central Charter Essential (District) - Sizer School: A North Central Charter Essential School,4740505,PHY,          13,25,           5,10,           8,16,          26,51,          12,24,          51,,490.0,,,,2022,HS SCI,ALL
Somerset Berkley Regional School District - Somerset Berkley Regional High School,7630505,BIO,           4,36,           0,0,           4,36,           4,36,           3,27,          11,,495.6,,,,2022,HS SCI,ALL
Somerset Berkley Regional School District - Somerset Berkley Regional High School,7630505,PHY,          92,41,          13,6,          79,35,         115,52,          16,7,         223,,498.0,,,,2022,HS SCI,ALL
Somerville - Somerville High,2740505,BIO,         144,46,          41,13,         103,33,         119,38,          53,17,         316,,496.7,,,,2022,HS SCI,ALL
South Hadley - South Hadley High,2780505,BIO,          52,39,          10,8,          42,32,          60,45,          20,15,         132,,494.0,,,,2022,HS SCI,ALL
South Middlesex Regional Vocational Technical - Joseph P Keefe Technical High School,8290605,BIO,          95,48,           8,4,          87,44,          88,45,          13,7,         196,,498.4,,,,2022,HS SCI,ALL
South Shore Charter Public (District) - South Shore Charter Public School,4880550,BIO,          31,35,           3,3,          28,32,          45,51,          12,14,          88,,492.0,,,,2022,HS SCI,ALL
South Shore Regional Vocational Technical - South Shore Vocational Technical High,8730605,BIO,          46,53,           5,6,          41,47,          35,40,           6,7,          87,,499.7,,,,2022,HS SCI,ALL
South Shore Regional Vocational Technical - South Shore Vocational Technical High,8730605,PHY,          34,43,           3,4,          31,39,          44,55,           2,3,          80,,498.3,,,,2022,HS SCI,ALL
Southbridge - Southbridge High School,2770515,BIO,           5,3,           0,0,           5,3,          66,38,         101,59,         172,,467.0,,,,2022,HS SCI,ALL
Southeastern Regional Vocational Technical - Southeastern Regional Vocational Technical,8720605,BIO,         137,38,          19,5,         118,33,         185,51,          38,11,         360,,494.0,,,,2022,HS SCI,ALL
Southeastern Regional Vocational Technical - Southeastern Regional Vocational Technical,8720605,PHY,          26,45,           2,3,          24,41,          31,53,           1,2,          58,,498.7,,,,2022,HS SCI,ALL
Southern Berkshire - Mt Everett Regional,7650505,BIO,          27,57,           4,9,          23,49,          14,30,           6,13,          47,,501.6,,,,2022,HS SCI,ALL
Southern Worcester County Regional Vocational School District - Bay Path Regional Vocational Technical High School,8760605,BIO,         113,37,          11,4,         102,34,         163,54,          27,9,         303,,494.1,,,,2022,HS SCI,ALL
Southwick-Tolland-Granville Regional School District - Southwick Regional School,7660505,PHY,          27,28,           2,2,          25,26,          61,64,           7,7,          95,,491.3,,,,2022,HS SCI,ALL
Spencer-E Brookfield - David Prouty High,7670505,BIO,          24,27,           3,3,          21,24,          47,53,          18,20,          89,,488.9,,,,2022,HS SCI,ALL
Springfield - Conservatory of the Arts,2810475,BIO,           1,2,           0,0,           1,2,          28,58,          19,40,          48,,470.2,,,,2022,HS SCI,ALL
Springfield - High School Of Commerce,2810510,BIO,          34,15,           4,2,          30,13,          99,43,          97,42,         230,,476.2,,,,2022,HS SCI,ALL
Springfield - High School Of Commerce,2810510,PHY,           1,8,           0,0,           1,8,           9,69,           3,23,          13,,478.1,,,,2022,HS SCI,ALL
Springfield - John J Duggan Academy,2810320,BIO,          11,17,           0,0,          11,17,          26,41,          27,42,          64,,477.8,,,,2022,HS SCI,ALL
Springfield - Roger L. Putnam Vocational Technical Academy,2810620,BIO,          15,15,           1,1,          14,14,          56,58,          26,27,          97,,482.7,,,,2022,HS SCI,ALL
Springfield - Roger L. Putnam Vocational Technical Academy,2810620,PHY,          47,16,           4,1,          43,15,         180,62,          63,22,         290,,482.9,,,,2022,HS SCI,ALL
Springfield - Springfield Central High,2810500,BIO,          62,12,           7,1,          55,11,         259,51,         185,37,         506,,476.8,,,,2022,HS SCI,ALL
Springfield - Springfield High School of Science and Technology,2810530,BIO,          32,13,           2,1,          30,12,         108,43,         110,44,         250,,474.1,,,,2022,HS SCI,ALL
Springfield - The Springfield Renaissance School an Expeditionary Learning School,2810205,BIO,          19,31,           5,8,          14,23,          28,46,          14,23,          61,,491.5,,,,2022,HS SCI,ALL
Springfield - The Springfield Virtual School,2810705,BIO,           6,26,           0,0,           6,26,          10,43,           7,30,          23,,481.8,,,,2022,HS SCI,ALL
Springfield - The Springfield Virtual School,2810705,PHY,           1,6,           0,0,           1,6,          11,69,           4,25,          16,,479.6,,,,2022,HS SCI,ALL
Springfield International Charter (District) - Springfield International Charter School,4410505,BIO,          30,29,           3,3,          27,26,          50,48,          24,23,         104,,487.5,,,,2022,HS SCI,ALL
Stoneham - Stoneham High,2840505,BIO,          69,49,          19,13,          50,35,          61,43,          11,8,         141,,501.8,,,,2022,HS SCI,ALL
Stoughton - Stoughton High,2850505,BIO,         115,45,          10,4,         105,41,         112,44,          30,12,         257,,495.8,,,,2022,HS SCI,ALL
Sturgis Charter Public (District) - Sturgis Charter Public School,4890505,BIO,         154,71,          31,14,         123,57,          59,27,           4,2,         217,,509.8,,,,2022,HS SCI,ALL
Sutton - Sutton High School,2900510,PHY,          31,40,           3,4,          28,36,          44,56,           3,4,          78,,498.2,,,,2022,HS SCI,ALL
Swampscott - Swampscott High,2910505,BIO,          89,64,          20,14,          69,49,          43,31,           8,6,         140,,505.4,,,,2022,HS SCI,ALL
Swansea - Joseph Case High,2920505,PHY,          82,61,          19,14,          63,47,          47,35,           5,4,         134,,505.4,,,,2022,HS SCI,ALL
TEC Connections Academy Commonwealth Virtual School District - TEC Connections Academy Commonwealth Virtual School,39020900,BIO,          77,34,          12,5,          65,29,         109,49,          38,17,         224,,491.2,,,,2022,HS SCI,ALL
Tantasqua - Tantasqua Regional Sr High,7700505,BIO,          26,79,           5,15,          21,64,           7,21,           0,0,          33,,513.1,,,,2022,HS SCI,ALL
Tantasqua - Tantasqua Regional Sr High,7700505,PHY,          13,18,           0,0,          13,18,          51,70,           9,12,          73,,488.9,,,,2022,HS SCI,ALL
Tantasqua - Tantasqua Regional Vocational,7700605,BIO,          16,94,           6,35,          10,59,           1,6,           0,0,          17,,520.5,,,,2022,HS SCI,ALL
Tantasqua - Tantasqua Regional Vocational,7700605,PHY,          23,20,           1,1,          22,19,          78,68,          14,12,         115,,487.3,,,,2022,HS SCI,ALL
Taunton - Taunton High,2930505,BIO,         150,32,          23,5,         127,27,         222,47,          96,21,         468,,489.3,,,,2022,HS SCI,ALL
Tewksbury - Tewksbury Memorial High,2950505,BIO,          91,54,          12,7,          79,46,          68,40,          11,6,         170,,502.5,,,,2022,HS SCI,ALL
Tri-County Regional Vocational Technical - Tri-County Regional Vocational Technical,8780605,BIO,         137,61,          12,5,         125,55,          79,35,          10,4,         226,,502.8,,,,2022,HS SCI,ALL
Triton - Triton Regional High School,7730505,BIO,          73,45,          12,7,          61,38,          73,45,          16,10,         162,,497.9,,,,2022,HS SCI,ALL
Tyngsborough - Tyngsborough High School,3010505,BIO,          63,66,          16,17,          47,49,          26,27,           6,6,          95,,508.5,,,,2022,HS SCI,ALL
Upper Cape Cod Regional Vocational Technical - Upper Cape Cod Vocational Technical,8790605,BIO,          67,34,           8,4,          59,30,         112,56,          21,11,         200,,492.0,,,,2022,HS SCI,ALL
Uxbridge - Uxbridge High,3040505,PHY,          46,45,           7,7,          39,38,          48,47,           9,9,         103,,498.6,,,,2022,HS SCI,ALL
Wachusett - Wachusett Regional High,7750505,BIO,           6,23,           1,4,           5,19,          12,46,           8,31,          26,,486.7,,,,2022,HS SCI,ALL
Wachusett - Wachusett Regional High,7750505,PHY,         237,55,          47,11,         190,44,         188,44,           6,1,         431,,504.7,,,,2022,HS SCI,ALL
Wakefield - Wakefield Memorial High,3050505,BIO,         114,57,          35,18,          79,40,          80,40,           6,3,         200,,506.6,,,,2022,HS SCI,ALL
Walpole - Walpole High,3070505,PHY,         158,66,          39,16,         119,50,          75,32,           5,2,         238,,509.1,,,,2022,HS SCI,ALL
Waltham - Waltham Sr High,3080505,PHY,         140,37,          27,7,         113,30,         164,43,          77,20,         381,,491.9,,,,2022,HS SCI,ALL
Ware - Ware Junior/Senior High School,3090505,BIO,           5,12,           0,0,           5,12,          27,64,          10,24,          42,,481.1,,,,2022,HS SCI,ALL
Wareham - Wareham Senior High,3100505,BIO,          21,23,           1,1,          20,22,          52,56,          20,22,          93,,484.8,,,,2022,HS SCI,ALL
Watertown - Watertown High,3140505,BIO,           1,5,           0,0,           1,5,           9,43,          11,52,          21,,470.5,,,,2022,HS SCI,ALL
Watertown - Watertown High,3140505,PHY,          94,55,          16,9,          78,46,          68,40,           8,5,         170,,503.4,,,,2022,HS SCI,ALL
Wayland - Wayland High School,3150505,BIO,         191,84,          67,29,         124,54,          37,16,           0,0,         228,,519.2,,,,2022,HS SCI,ALL
Webster - Bartlett High School,3160505,BIO,          12,13,           1,1,          11,12,          54,58,          27,29,          93,,479.5,,,,2022,HS SCI,ALL
Wellesley - Wellesley Sr High,3170505,PHY,         273,81,         120,36,         153,45,          61,18,           3,1,         337,,520.8,,,,2022,HS SCI,ALL
West Boylston - West Boylston Junior/Senior High,3220505,PHY,          20,39,           2,4,          18,35,          27,53,           4,8,          51,,492.9,,,,2022,HS SCI,ALL
West Bridgewater - West Bridgewater Junior/Senior,3230505,BIO,          35,39,           3,3,          32,36,          45,50,          10,11,          90,,493.3,,,,2022,HS SCI,ALL
West Springfield - West Springfield High,3320505,BIO,         170,59,          38,13,         132,46,          90,31,          29,10,         289,,503.8,,,,2022,HS SCI,ALL
Westborough - Westborough High,3210505,BIO,         217,82,          72,27,         145,55,          43,16,           4,2,         264,,518.6,,,,2022,HS SCI,ALL
Westfield - Westfield High,3250505,BIO,          78,32,           8,3,          70,29,         117,48,          48,20,         243,,490.2,,,,2022,HS SCI,ALL
Westford - Westford Academy,3260505,BIO,         307,83,         112,30,         195,53,          57,15,           4,1,         368,,520.1,,,,2022,HS SCI,ALL
Weston - Weston High,3300505,PHY,         119,73,          42,26,          77,48,          41,25,           2,1,         162,,515.6,,,,2022,HS SCI,ALL
Westport - Westport Middle-High School,3310515,BIO,          32,35,           8,9,          24,26,          51,56,           8,9,          91,,496.8,,,,2022,HS SCI,ALL
Westwood - Westwood High,3350505,BIO,         160,77,          53,25,         107,51,          41,20,           8,4,         209,,514.9,,,,2022,HS SCI,ALL
Weymouth - Weymouth High School,3360505,BIO,         198,53,          42,11,         156,42,         137,37,          38,10,         373,,500.2,,,,2022,HS SCI,ALL
Whitman-Hanson - Whitman Hanson Regional,7800505,BIO,         117,48,          27,11,          90,37,         105,43,          22,9,         244,,500.4,,,,2022,HS SCI,ALL
Whittier Regional Vocational Technical - Whittier Regional Vocational,8850605,BIO,         111,35,          10,3,         101,32,         171,54,          34,11,         316,,493.5,,,,2022,HS SCI,ALL
Wilmington - Wilmington High,3420505,BIO,          46,81,           7,12,          39,68,           8,14,           3,5,          57,,512.7,,,,2022,HS SCI,ALL
Wilmington - Wilmington High,3420505,PHY,          37,54,           5,7,          32,46,          29,42,           3,4,          69,,501.2,,,,2022,HS SCI,ALL
Winchendon - Murdock High School,3430515,BIO,          28,39,           2,3,          26,36,          35,49,           9,13,          72,,492.0,,,,2022,HS SCI,ALL
Winchester - Winchester High School,3440505,BIO,         263,83,         110,35,         153,49,          50,16,           2,1,         315,,521.6,,,,2022,HS SCI,ALL
Winthrop - Winthrop High School,3460505,BIO,          41,30,           5,4,          36,27,          81,60,          13,10,         135,,491.3,,,,2022,HS SCI,ALL
Woburn - Woburn High,3470505,BIO,         180,58,          39,13,         141,46,         110,36,          19,6,         309,,503.2,,,,2022,HS SCI,ALL
Worcester - Burncoat Senior High,3480503,BIO,          26,16,           1,1,          25,15,          79,47,          62,37,         167,,478.9,,,,2022,HS SCI,ALL
Worcester - Burncoat Senior High,3480503,PHY,           6,7,           0,0,           6,7,          48,55,          34,39,          88,,474.6,,,,2022,HS SCI,ALL
Worcester - Claremont Academy,3480350,BIO,           5,6,           0,0,           5,6,          36,46,          38,48,          79,,471.5,,,,2022,HS SCI,ALL
Worcester - Doherty Memorial High,3480512,BIO,          80,28,          17,6,          63,22,         145,51,          62,22,         287,,487.3,,,,2022,HS SCI,ALL
Worcester - North High,3480515,BIO,          21,8,           2,1,          19,7,         130,47,         125,45,         276,,472.6,,,,2022,HS SCI,ALL
Worcester - South High Community,3480520,BIO,          68,20,          13,4,          55,16,         151,45,         116,35,         335,,481.6,,,,2022,HS SCI,ALL
Worcester - University Pk Campus School,3480285,BIO,          13,34,           0,0,          13,34,          18,47,           7,18,          38,,490.0,,,,2022,HS SCI,ALL
Worcester - Worcester Technical High,3480605,BIO,         150,38,          20,5,         130,33,         198,50,          45,11,         393,,494.5,,,,2022,HS SCI,ALL
State,0,BIO,"      24,759",45,"       5,828",11,"      18,931",34,"      21,980",40,"       8,757",16,"      55,498",,496.9,,,,2022,HS SCI,ALL
State,0,PHY,"       6,740",49,"       1,647",12,"       5,093",37,"       5,616",40,"       1,536",11,"      13,892",,499.9,,,,2022,HS SCI,ALL
